Numéro;Nom;PV-base;Force-base;Défense-base;Spécial-base;Vitesse-base;Exp base;EV-PV;EV-Force;EV-defense;EV-special;EV-vitesse;Type 1;Type 2;Niveau de base;Niv mutation;Espece mutation;Capacites
1;Bulbizarre;45;49;49;65;45;64;0;0;0;1;0;Plante;Poison;1;16;Herbizarre;Coupe-Vent;0;Coupe;0;Étreinte;0;Fouet Lianes;13;Charge;1;Plaquage;0;Bélier;0;Damoclès;0;Force;0;Méga-Sangsue;0;Lance-Soleil;48;Danse Fleurs;0;Frénésie;0;Patience;0;Détritus;0;;;;;
2;Herbizarre;60;62;63;80;60;141;0;0;0;2;0;Plante;Poison;16;32;Florizarre;Coupe;0;Étreinte;0;Fouet Lianes;13;Charge;1;Plaquage;0;Bélier;0;Damoclès;0;Force;0;Méga-Sangsue;0;Lance-Soleil;54;Frénésie;0;Patience;0;;;;;
3;Florizarre;80;82;83;100;80;208;0;0;0;3;0;Plante;Poison;32;0;;Coupe;0;Étreinte;0;Fouet Lianes;1;Charge;1;Plaquage;0;Bélier;0;Damoclès;0;Ultralaser;0;Force;0;Méga-Sangsue;0;Lance-Soleil;65;Danse Fleurs;32;Séisme;0;Frénésie;0;Patience;0;;;;;
4;Salamèche;39;52;43;50;65;65;0;0;0;0;1;Feu;;1;16;Reptincel;Ultimapoing;0;Poing Feu;0;Poing Éclair;0;Griffe;1;Coupe;0;Cru-Ailes;0;Ultimawashi;0;Plaquage;0;Bélier;0;Damoclès;0;Morsure;0;Flammèche;9;Lance-Flammes;38;Sacrifice;0;Riposte;0;Frappe Atlas;0;Force;0;Draco-Rage;0;Danse Flammes;46;Tunnel;0;Frénésie;22;Patience;0;Déflagration;0;Météores;0;Combo-Griffe;18;Éboulement;0;Tranche;30;;;;;
5;Reptincel;58;64;58;65;80;142;0;0;0;1;1;Feu;;16;32;Dracaufeu;Ultimapoing;0;Poing Feu;0;Poing Éclair;0;Griffe;1;Coupe;0;Ultimawashi;0;Plaquage;0;Bélier;0;Damoclès;0;Flammèche;1;Lance-Flammes;42;Sacrifice;0;Riposte;0;Frappe Atlas;0;Force;0;Draco-Rage;0;Danse Flammes;56;Tunnel;0;Frénésie;24;Patience;0;Déflagration;0;Météores;0;Combo-Griffe;20;Éboulement;0;Tranche;33;;;;;
6;Dracaufeu;78;84;78;85;100;209;0;0;0;3;0;Feu;Vol;32;0;;Ultimapoing;0;Poing Feu;0;Poing Éclair;0;Griffe;1;Coupe;0;Cru-Ailes;36;Vol;0;Ultimawashi;0;Plaquage;0;Bélier;0;Damoclès;0;Flammèche;1;Lance-Flammes;46;Ultralaser;0;Sacrifice;0;Riposte;0;Frappe Atlas;0;Force;0;Lance-Soleil;0;Draco-Rage;0;Danse Flammes;55;Séisme;0;Abîme;0;Tunnel;0;Frénésie;24;Patience;0;Déflagration;0;Météores;0;Combo-Griffe;20;Éboulement;0;Tranche;36;;;;;
7;Carapuce;44;48;65;50;43;66;0;0;1;0;0;Eau;;1;16;Carabaffe;Ultimapoing;0;Poing Glace;0;Ultimawashi;0;Charge;1;Plaquage;0;Bélier;0;Damoclès;0;Morsure;22;Pistolet à O;15;Hydrocanon;42;Surf;0;Laser Glace;0;Blizzard;0;Sacrifice;0;Riposte;0;Frappe Atlas;0;Force;0;Tunnel;0;Choc Mental;0;Frénésie;0;Patience;0;Cascade;0;Écume;8;Éboulement;0;;;;;
8;Carabaffe;59;63;80;65;58;143;0;0;1;1;0;Eau;;16;36;Tortank;Ultimapoing;0;Poing Glace;0;Ultimawashi;0;Charge;1;Plaquage;0;Bélier;0;Damoclès;0;Morsure;24;Pistolet à O;15;Hydrocanon;47;Surf;0;Laser Glace;0;Blizzard;0;Sacrifice;0;Riposte;0;Frappe Atlas;0;Force;0;Tunnel;0;Frénésie;0;Patience;0;Cascade;0;Écume;1;Éboulement;0;;;;;
9;Tortank;79;83;100;85;78;210;0;0;0;3;0;Eau;;36;0;;Ultimapoing;0;Poing Glace;0;Ultimawashi;0;Charge;1;Plaquage;0;Bélier;0;Damoclès;0;Morsure;24;Pistolet à O;1;Hydrocanon;52;Surf;0;Laser Glace;0;Blizzard;0;Ultralaser;0;Sacrifice;0;Riposte;0;Frappe Atlas;0;Force;0;Séisme;0;Abîme;0;Tunnel;0;Frénésie;0;Patience;0;Cascade;0;Écume;1;Éboulement;0;;;;;
10;Chenipan;45;30;35;20;45;53;1;0;0;0;0;Insecte;;1;7;Chrysacier;Charge;1;Coupe;1;;;;;
11;Chrysacier;50;20;55;25;30;72;0;0;2;0;0;Insecte;;7;10;Papilusion;;;;;
12;Papilusion;60;45;50;80;70;160;0;0;0;3;0;Insecte;Vol;10;0;;Coupe-Vent;0;Tornade;28;Charge;1;Bélier;0;Damoclès;0;Rafale Psy;32;Ultralaser;0;Méga-Sangsue;0;Lance-Soleil;0;Choc Mental;1;Psyko;0;Frénésie;0;Patience;0;Météores;0;Dévorêve;0;Vague Psy;0;;;;;
13;Aspicot;40;35;30;20;50;52;0;0;0;0;1;Insecte;Poison;1;7;Coconfort;Dard-Venin;1;Charge;1;;;;;
14;Coconfort;45;25;50;25;35;71;0;0;2;0;0;Insecte;Poison;7;10;Dardargnan;;;;;
15;Dardargnan;65;80;40;45;75;159;0;2;0;1;0;Insecte;Poison;10;0;;Coupe;0;Furie;1;Bélier;0;Damoclès;0;Double Dard;20;Dard-Nuée;30;Ultralaser;0;Picpic;1;Méga-Sangsue;0;Lance-Soleil;0;Frénésie;25;Patience;0;Météores;0;;;;;
16;Roucool;40;45;40;35;56;55;0;0;0;0;1;Normal;Vol;1;18;Roucoups;Coupe-Vent;0;Tornade;1;Cru-Ailes;28;Vol;0;Charge;1;Bélier;0;Damoclès;0;Vive-Attaque;12;Frénésie;0;Patience;0;Météores;0;Piqué;0;;;;;
17;Roucoups;63;60;55;50;71;113;0;0;0;0;2;Normal;Vol;18;36;Roucarnage;Coupe-Vent;0;Tornade;1;Cru-Ailes;31;Vol;0;Charge;1;Bélier;0;Damoclès;0;Vive-Attaque;12;Frénésie;0;Patience;0;Météores;0;Piqué;0;;;;;
18;Roucarnage;83;80;75;70;91;172;0;0;0;0;3;Normal;Vol;36;0;;Coupe-Vent;0;Tornade;1;Cru-Ailes;31;Vol;0;Charge;1;Bélier;0;Damoclès;0;Ultralaser;0;Vive-Attaque;1;Frénésie;0;Patience;0;Météores;0;Piqué;0;;;;;
19;Rattata;30;56;35;25;72;57;0;0;0;0;1;Normal;;1;20;Rattatac;Coupe;0;Charge;1;Plaquage;0;Bélier;0;Damoclès;0;Morsure;0;Pistolet à O;0;Laser Glace;0;Blizzard;0;Riposte;0;Tonnerre;0;Fatal-Foudre;0;Tunnel;0;Vive-Attaque;7;Frénésie;0;Patience;0;Météores;0;Combo-Griffe;0;Croc de Mort;14;Croc Fatal;34;;;;;
20;Rattatac;55;81;60;50;97;116;0;0;0;0;2;Normal;;20;0;;Coupe;0;Charge;1;Plaquage;0;Bélier;0;Damoclès;0;Morsure;10;Pistolet à O;0;Laser Glace;0;Blizzard;0;Ultralaser;0;Riposte;0;Force;0;Tonnerre;0;Fatal-Foudre;0;Tunnel;0;Vive-Attaque;1;Frénésie;0;Patience;0;Météores;0;Combo-Griffe;1;Croc de Mort;14;Croc Fatal;41;;;;;
21;Piafabec;40;60;30;31;70;58;0;0;0;0;1;Normal;Vol;1;20;Rapasdepic;Coupe-Vent;0;Vol;0;Furie;15;Bélier;0;Damoclès;0;Picpic;1;Bec Vrille;29;Vive-Attaque;0;Frénésie;0;Patience;0;Météores;0;Piqué;0;Triplattaque;0;;;;;
22;Rapasdepic;65;90;65;61;100;162;0;0;0;0;2;Normal;Vol;20;0;;Coupe-Vent;0;Vol;0;Furie;15;Bélier;0;Damoclès;0;Ultralaser;0;Picpic;1;Bec Vrille;34;Vive-Attaque;1;Frénésie;0;Patience;0;Météores;0;Piqué;0;Triplattaque;0;;;;;
23;Abo;35;60;44;40;55;62;0;1;0;0;0;Poison;;1;22;Arbok;Étreinte;0;Souplesse;0;Plaquage;0;Ligotage;1;Bélier;0;Damoclès;0;Dard-Venin;10;Morsure;17;Acide;38;Force;0;Méga-Sangsue;0;Séisme;0;Abîme;0;Tunnel;0;Frénésie;0;Patience;0;Éboulement;0;;;;;
24;Arbok;60;85;69;65;80;147;0;2;0;0;0;Poison;;22;0;;Étreinte;0;Souplesse;36;Plaquage;0;Ligotage;1;Bélier;0;Damoclès;0;Dard-Venin;1;Morsure;17;Acide;47;Ultralaser;0;Force;0;Méga-Sangsue;0;Séisme;0;Abîme;0;Tunnel;0;Frénésie;0;Patience;0;Éboulement;0;;;;;
25;Pikachu;35;55;30;50;90;82;0;0;0;0;2;Electrik;;1;22;Raichu;Ultimapoing;0;Jackpot;0;Poing Éclair;0;Souplesse;20;Double Pied;9;Ultimawashi;0;Plaquage;0;Bélier;0;Damoclès;0;Surf;0;Sacrifice;0;Riposte;0;Frappe Atlas;0;Force;0;Éclair;1;Tonnerre;0;Fatal-Foudre;43;Tunnel;0;Vive-Attaque;16;Frénésie;0;Patience;0;Météores;26;;;;;
26;Raichu;60;90;55;90;100;122;0;0;0;0;3;Electrik;;22;0;;Ultimapoing;0;Jackpot;0;Poing Éclair;0;Souplesse;1;Ultimawashi;0;Plaquage;0;Bélier;0;Damoclès;0;Surf;0;Ultralaser;0;Sacrifice;0;Riposte;0;Frappe Atlas;0;Force;0;Éclair;1;Tonnerre;0;Fatal-Foudre;0;Tunnel;0;Vive-Attaque;1;Frénésie;0;Patience;0;Météores;0;;;;;
27;Sabelette;50;75;85;30;40;93;0;0;1;0;0;Sol;;1;22;Sablaireau;Griffe;1;Coupe;0;Plaquage;0;Bélier;0;Damoclès;0;Dard-Venin;24;Sacrifice;0;Riposte;0;Frappe Atlas;0;Force;0;Séisme;0;Abîme;0;Tunnel;0;Frénésie;0;Patience;0;Météores;31;Vampirisme;0;Combo-Griffe;38;Éboulement;0;Croc Fatal;0;Tranche;17;;;;;
28;Sablaireau;75;100;110;55;65;163;0;0;2;0;0;Sol;;22;0;;Griffe;1;Coupe;0;Plaquage;0;Bélier;0;Damoclès;0;Dard-Venin;27;Dard-Nuée;0;Ultralaser;0;Sacrifice;0;Riposte;0;Frappe Atlas;0;Force;0;Séisme;0;Abîme;0;Tunnel;0;Frénésie;0;Patience;0;Météores;36;Vampirisme;0;Combo-Griffe;47;Éboulement;0;Croc Fatal;0;Tranche;17;;;;;
29;Nidoran♀;55;47;52;40;41;59;1;0;0;0;0;Poison;;1;16;Nidorina;Griffe;8;Coupe;0;Double Pied;43;Charge;1;Plaquage;0;Bélier;0;Damoclès;0;Dard-Venin;14;Morsure;29;Laser Glace;0;Blizzard;0;Riposte;0;Force;0;Tonnerre;0;Fatal-Foudre;0;Tunnel;0;Frénésie;0;Patience;0;Combo-Griffe;36;Croc Fatal;0;;;;;
30;Nidorina;70;62;67;55;56;117;2;0;0;0;0;Poison;;16;32;Nidoqueen;Griffe;1;Coupe;0;Double Pied;50;Charge;1;Plaquage;0;Bélier;0;Damoclès;0;Dard-Venin;14;Morsure;32;Pistolet à O;0;Laser Glace;0;Blizzard;0;Riposte;0;Force;0;Tonnerre;0;Fatal-Foudre;0;Tunnel;0;Frénésie;0;Patience;0;Combo-Griffe;41;Croc Fatal;0;;;;;
31;Nidoqueen;90;82;87;75;76;194;3;0;0;0;0;Poison;Sol;32;0;;Ultimapoing;0;Jackpot;0;Poing Feu;0;Poing Glace;0;Poing Éclair;0;Griffe;1;Coupe;0;Double Pied;12;Ultimawashi;0;Charge;1;Plaquage;1;Bélier;0;Damoclès;0;Dard-Venin;14;Morsure;1;Lance-Flammes;0;Pistolet à O;0;Surf;0;Laser Glace;0;Blizzard;0;Ultralaser;0;Sacrifice;0;Riposte;0;Frappe Atlas;0;Force;0;Tonnerre;0;Fatal-Foudre;0;Séisme;0;Abîme;0;Tunnel;0;Frénésie;0;Patience;0;Déflagration;0;Combo-Griffe;1;Éboulement;0;Croc Fatal;0;;;;;
32;Nidoran♂;46;57;40;40;50;60;0;1;0;0;0;Poison;;1;16;Nidorino;Coupe;0;Double Pied;43;Furie;29;Charge;1;Plaquage;0;Bélier;0;Mania;0;Damoclès;0;Dard-Venin;14;Laser Glace;0;Blizzard;0;Picpic;1;Riposte;0;Force;0;Tonnerre;0;Fatal-Foudre;0;Tunnel;0;Choc Mental;0;Frénésie;0;Patience;0;Croc Fatal;0;;;;;
33;Nidorino;61;72;57;55;65;118;0;2;0;0;0;Poison;;16;32;Nidoking;Coupe;0;Double Pied;50;Furie;32;Charge;1;Plaquage;0;Bélier;0;Damoclès;0;Dard-Venin;14;Pistolet à O;0;Laser Glace;0;Blizzard;0;Picpic;1;Riposte;0;Force;0;Tonnerre;0;Fatal-Foudre;0;Tunnel;0;Frénésie;0;Patience;0;Croc Fatal;0;;;;;
34;Nidoking;81;92;77;75;85;195;0;3;0;0;0;Poison;Sol;32;0;;Ultimapoing;0;Jackpot;0;Poing Feu;0;Poing Glace;0;Poing Éclair;0;Coupe;0;Double Pied;12;Ultimawashi;0;Furie;1;Charge;1;Plaquage;0;Bélier;0;Mania;1;Damoclès;0;Dard-Venin;1;Lance-Flammes;0;Pistolet à O;0;Surf;0;Laser Glace;0;Blizzard;0;Ultralaser;0;Picpic;1;Sacrifice;0;Riposte;0;Frappe Atlas;0;Force;0;Tonnerre;0;Fatal-Foudre;0;Séisme;0;Abîme;0;Tunnel;0;Frénésie;0;Patience;0;Déflagration;0;Éboulement;0;Croc Fatal;0;;;;;
35;Mélofée;70;45;48;60;35;68;2;0;0;0;0;Normal;;1;32;Mélodelfe;Torgnoles;18;Ultimapoing;0;Poing Feu;0;Poing Glace;0;Poing Éclair;0;Ultimawashi;0;Plaquage;0;Bélier;0;Damoclès;0;Lance-Flammes;0;Pistolet à O;0;Laser Glace;0;Blizzard;0;Sacrifice;0;Riposte;0;Frappe Atlas;0;Force;0;Lance-Soleil;0;Tonnerre;0;Fatal-Foudre;0;Tunnel;0;Psyko;0;Frénésie;0;Patience;0;Déflagration;0;Dévorêve;0;Vague Psy;0;Triplattaque;0;;;;;
36;Mélodelfe;95;70;73;85;60;129;3;0;0;0;0;Normal;;32;0;;Torgnoles;1;Ultimapoing;0;Poing Feu;0;Poing Glace;0;Poing Éclair;0;Ultimawashi;0;Plaquage;0;Bélier;0;Damoclès;0;Lance-Flammes;0;Pistolet à O;0;Laser Glace;0;Blizzard;0;Ultralaser;0;Sacrifice;0;Riposte;0;Frappe Atlas;0;Force;0;Lance-Soleil;0;Tonnerre;0;Fatal-Foudre;0;Tunnel;0;Psyko;0;Frénésie;0;Patience;0;Déflagration;0;Dévorêve;0;Vague Psy;0;Triplattaque;0;;;;;
37;Goupix;38;41;40;65;65;63;0;0;0;0;1;Feu;;1;22;Feunard;Charge;1;Plaquage;0;Bélier;0;Damoclès;0;Flammèche;1;Lance-Flammes;35;Danse Flammes;42;Tunnel;0;Vive-Attaque;16;Frénésie;0;Patience;0;Déflagration;0;Météores;0;;;;;
38;Feunard;73;76;75;100;100;178;0;0;0;2;0;Feu;;22;0;;Charge;1;Plaquage;0;Bélier;0;Damoclès;0;Flammèche;1;Lance-Flammes;0;Ultralaser;0;Lance-Soleil;0;Danse Flammes;43;Tunnel;0;Vive-Attaque;1;Frénésie;0;Patience;0;Déflagration;0;Météores;0;Dévorêve;0;;;;;
39;Rondoudou;115;45;20;25;20;76;2;0;0;0;0;Normal;;1;32;Grodoudou;Torgnoles;24;Ultimapoing;0;Poing Feu;0;Poing Glace;0;Poing Éclair;0;Ultimawashi;0;Plaquage;34;Bélier;0;Damoclès;39;Lance-Flammes;0;Pistolet à O;0;Laser Glace;0;Blizzard;0;Sacrifice;0;Riposte;0;Frappe Atlas;0;Force;0;Lance-Soleil;0;Tonnerre;0;Fatal-Foudre;0;Tunnel;0;Psyko;0;Frénésie;0;Patience;0;Destruction;0;Déflagration;0;Dévorêve;0;Vague Psy;0;Triplattaque;0;;;;;
40;Grodoudou;140;70;45;50;45;109;3;0;0;0;0;Normal;;32;0;;Torgnoles;1;Ultimapoing;0;Poing Feu;0;Poing Glace;0;Poing Éclair;0;Ultimawashi;0;Plaquage;0;Bélier;0;Damoclès;0;Lance-Flammes;0;Pistolet à O;0;Laser Glace;0;Blizzard;0;Ultralaser;0;Sacrifice;0;Riposte;0;Frappe Atlas;0;Force;0;Lance-Soleil;0;Tonnerre;0;Fatal-Foudre;0;Tunnel;0;Psyko;0;Frénésie;0;Patience;0;Destruction;0;Déflagration;0;Dévorêve;0;Vague Psy;0;Triplattaque;0;;;;;
41;Nosferapti;40;45;35;40;55;54;0;0;0;0;1;Poison;Vol;1;22;Nosferalto;Coupe-Vent;0;Tornade;0;Cru-Ailes;28;Vol;0;Bélier;0;Damoclès;0;Morsure;15;Vole-Vie;1;Méga-Sangsue;0;Vive-Attaque;0;Frénésie;0;Patience;0;Météores;0;Vampirisme;1;Croc Fatal;0;;;;;
42;Nosferalto;75;80;70;75;90;171;0;0;0;0;2;Poison;Vol;22;0;;Coupe-Vent;0;Cru-Ailes;32;Vol;0;Bélier;0;Damoclès;0;Morsure;1;Ultralaser;0;Vole-Vie;1;Méga-Sangsue;0;Vive-Attaque;1;Frénésie;0;Patience;0;Météores;0;Vampirisme;1;Croc Fatal;0;;;;;
43;Mystherbe;45;50;55;75;30;78;0;0;0;1;0;Plante;Poison;1;21;Ortide;Coupe;0;Bélier;0;Damoclès;0;Acide;24;Vole-Vie;1;Méga-Sangsue;0;Lance-Soleil;46;Danse Fleurs;33;Frénésie;0;Patience;0;;;;;
44;Ortide;60;65;70;85;40;132;0;0;0;2;0;Plante;Poison;21;40;Rafflesia;Coupe;0;Bélier;0;Damoclès;0;Acide;28;Vole-Vie;1;Méga-Sangsue;0;Lance-Soleil;52;Danse Fleurs;38;Frénésie;0;Patience;0;;;;;
45;Rafflesia;75;80;85;100;50;184;0;0;0;3;0;Plante;Poison;40;0;;Coupe;0;Plaquage;0;Bélier;0;Damoclès;0;Acide;1;Ultralaser;0;Vole-Vie;1;Méga-Sangsue;0;Lance-Soleil;0;Danse Fleurs;1;Frénésie;0;Patience;0;;;;;
46;Paras;35;70;55;55;25;70;0;1;0;0;0;Insecte;Plante;1;24;Parasect;Griffe;1;Coupe;0;Plaquage;0;Bélier;0;Damoclès;0;Rafale Psy;0;Riposte;0;Vole-Vie;11;Méga-Sangsue;0;Lance-Soleil;0;Tunnel;0;Frénésie;0;Patience;0;Vampirisme;20;Combo-Griffe;15;Tranche;34;;;;;
47;Parasect;60;95;80;80;30;128;0;2;1;0;0;Insecte;Plante;24;0;;Griffe;1;Coupe;0;Plaquage;0;Bélier;0;Damoclès;0;Ultralaser;0;Riposte;0;Vole-Vie;1;Méga-Sangsue;0;Lance-Soleil;0;Tunnel;0;Frénésie;0;Patience;0;Vampirisme;1;Combo-Griffe;15;Tranche;39;;;;;
48;Mimitoss;60;55;50;40;45;75;0;0;0;1;0;Insecte;Poison;1;31;Aéromite;Charge;1;Bélier;0;Damoclès;0;Rafale Psy;35;Méga-Sangsue;0;Lance-Soleil;0;Choc Mental;19;Psyko;43;Frénésie;0;Patience;0;Météores;0;Vampirisme;27;Vague Psy;0;;;;;
49;Aéromite;70;65;60;90;90;138;0;0;0;1;1;Insecte;Poison;31;0;;Coupe-Vent;0;Tornade;31;Charge;1;Bélier;0;Damoclès;0;Rafale Psy;38;Ultralaser;0;Méga-Sangsue;0;Lance-Soleil;0;Choc Mental;1;Psyko;50;Frénésie;0;Patience;0;Météores;0;Dévorêve;0;Vampirisme;1;Vague Psy;0;;;;;
50;Taupiqueur;10;55;25;45;95;81;0;0;0;0;1;Sol;;1;26;Triopikeur;Griffe;1;Coupe;0;Plaquage;0;Bélier;0;Damoclès;0;Séisme;40;Abîme;0;Tunnel;19;Frénésie;0;Patience;0;Combo-Griffe;21;Éboulement;0;Tranche;31;;;;;
51;Triopikeur;35;80;50;70;120;153;0;0;0;0;2;Sol;;26;0;;Griffe;1;Coupe;0;Plaquage;0;Bélier;0;Damoclès;0;Ultralaser;0;Séisme;47;Abîme;0;Tunnel;1;Frénésie;0;Patience;0;Combo-Griffe;21;Éboulement;0;Triplattaque;1;Tranche;35;;;;;
52;Miaouss;40;45;35;40;90;69;0;0;0;0;1;Normal;;1;28;Persian;Jackpot;17;Griffe;1;Coupe;0;Plaquage;0;Bélier;0;Damoclès;0;Morsure;12;Pistolet à O;0;Tonnerre;0;Fatal-Foudre;0;Tunnel;0;Frénésie;0;Patience;0;Météores;0;Dévorêve;0;Combo-Griffe;33;Tranche;44;;;;;
53;Persian;65;70;60;65;115;148;0;0;0;0;2;Normal;;28;0;;Jackpot;17;Griffe;1;Coupe;0;Plaquage;0;Bélier;0;Damoclès;0;Morsure;1;Pistolet à O;0;Ultralaser;0;Tonnerre;0;Fatal-Foudre;0;Tunnel;0;Frénésie;0;Patience;0;Météores;0;Dévorêve;0;Combo-Griffe;37;Tranche;51;;;;;
54;Psykokwak;50;52;48;50;55;80;0;0;0;1;0;Eau;;1;33;Akwakwak;Ultimapoing;0;Jackpot;0;Poing Glace;0;Griffe;1;Ultimawashi;0;Plaquage;0;Bélier;0;Damoclès;0;Pistolet à O;0;Hydrocanon;52;Surf;0;Laser Glace;0;Blizzard;0;Rafale Psy;0;Sacrifice;0;Riposte;0;Frappe Atlas;0;Force;0;Tunnel;0;Choc Mental;36;Psyko;0;Frénésie;0;Patience;0;Cascade;0;Météores;0;Combo-Griffe;43;;;;;
55;Akwakwak;80;82;78;80;85;174;0;0;0;2;0;Eau;;33;0;;Ultimapoing;0;Jackpot;0;Poing Glace;0;Griffe;1;Ultimawashi;0;Plaquage;0;Bélier;0;Damoclès;0;Pistolet à O;0;Hydrocanon;59;Surf;0;Laser Glace;0;Blizzard;0;Rafale Psy;27;Ultralaser;0;Sacrifice;0;Balayage;0;Riposte;0;Frappe Atlas;0;Force;0;Tunnel;0;Choc Mental;39;Psyko;0;Frénésie;0;Patience;0;Cascade;0;Météores;0;Combo-Griffe;48;;;;;
56;Férosinge;40;80;35;35;70;74;0;1;0;0;0;Combat;;1;28;Colossinge;Poing Karaté;15;Ultimapoing;0;Jackpot;0;Poing Feu;0;Poing Glace;0;Poing Éclair;0;Griffe;1;Ultimawashi;0;Plaquage;0;Bélier;0;Mania;39;Damoclès;0;Sacrifice;0;Balayage;9;Riposte;0;Frappe Atlas;33;Force;0;Tonnerre;0;Fatal-Foudre;0;Séisme;0;Tunnel;0;Frénésie;0;Patience;0;Météores;0;Combo-Griffe;21;Éboulement;0;;;;;
57;Colossinge;65;105;60;60;95;149;0;2;0;0;0;Combat;;28;0;;Poing Karaté;1;Ultimapoing;0;Jackpot;0;Poing Feu;0;Poing Glace;0;Poing Éclair;0;Griffe;1;Ultimawashi;0;Plaquage;0;Bélier;0;Mania;46;Damoclès;0;Ultralaser;0;Sacrifice;0;Balayage;1;Riposte;0;Frappe Atlas;37;Force;0;Tonnerre;0;Fatal-Foudre;0;Séisme;0;Tunnel;0;Frénésie;0;Patience;0;Météores;0;Combo-Griffe;1;Éboulement;0;;;;;
58;Caninos;55;70;45;50;60;91;0;1;0;0;0;Feu;;1;22;Arcanin;Double Pied;0;Plaquage;0;Bélier;30;Mania;0;Damoclès;0;Morsure;1;Flammèche;18;Lance-Flammes;50;Force;0;Draco-Rage;0;Danse Flammes;0;Tunnel;0;Frénésie;0;Patience;0;Déflagration;0;Météores;0;;;;;
59;Arcanin;90;110;80;80;95;213;0;2;0;0;0;Feu;;22;0;;Plaquage;0;Bélier;1;Damoclès;0;Morsure;1;Flammèche;1;Lance-Flammes;0;Ultralaser;0;Force;0;Lance-Soleil;0;Draco-Rage;0;Danse Flammes;0;Tunnel;0;Frénésie;0;Patience;0;Déflagration;0;Météores;0;;;;;
60;Ptitard;40;50;40;40;90;77;0;0;0;0;1;Eau;;1;25;Têtarte;Torgnoles;25;Plaquage;31;Bélier;0;Damoclès;0;Pistolet à O;19;Hydrocanon;45;Surf;0;Laser Glace;0;Blizzard;0;Balayage;26;Tunnel;0;Psyko;0;Frénésie;0;Patience;0;Cascade;0;Écume;1;Vague Psy;0;;;;;
61;Têtarte;65;65;65;50;90;131;0;0;0;0;2;Eau;;25;45;Tartard;Torgnoles;26;Ultimapoing;0;Poing Glace;0;Ultimawashi;0;Plaquage;33;Bélier;0;Damoclès;0;Pistolet à O;1;Hydrocanon;49;Surf;0;Laser Glace;0;Blizzard;0;Sacrifice;0;Balayage;30;Riposte;0;Frappe Atlas;0;Force;0;Séisme;0;Abîme;0;Tunnel;0;Psyko;0;Frénésie;0;Patience;0;Cascade;0;Écume;1;Vague Psy;0;;;;;
62;Tartard;90;85;95;70;70;185;0;0;3;0;0;Eau;Combat;45;0;;Torgnoles;1;Ultimapoing;0;Poing Glace;0;Ultimawashi;0;Plaquage;1;Bélier;0;Damoclès;0;Pistolet à O;1;Hydrocanon;1;Surf;0;Laser Glace;0;Blizzard;0;Ultralaser;0;Sacrifice;0;Riposte;0;Frappe Atlas;0;Force;0;Séisme;0;Abîme;0;Tunnel;0;Psyko;0;Frénésie;0;Patience;0;Cascade;0;Écume;1;Vague Psy;0;Éboulement;0;;;;;
63;Abra;25;20;15;105;90;73;0;0;0;1;0;Psy;;1;16;Kadabra;Ultimapoing;0;Poing Feu;0;Poing Glace;0;Poing Éclair;0;Ultimawashi;0;Plaquage;0;Bélier;0;Damoclès;0;Sacrifice;0;Riposte;0;Frappe Atlas;0;Choc Mental;0;Psyko;0;Frénésie;0;Patience;0;Météores;0;Dévorêve;0;Vague Psy;0;Triplattaque;0;;;;;
64;Kadabra;40;35;30;120;105;145;0;0;0;2;0;Psy;;16;32;Alakazam;Ultimapoing;0;Poing Feu;0;Poing Glace;0;Poing Éclair;0;Ultimawashi;0;Plaquage;0;Bélier;0;Damoclès;0;Rafale Psy;27;Sacrifice;0;Riposte;0;Frappe Atlas;0;Tunnel;0;Choc Mental;1;Psyko;38;Frénésie;0;Ombre Nocturne;19;Patience;0;Météores;0;Dévorêve;0;Vague Psy;0;Triplattaque;0;;;;;
65;Alakazam;55;50;45;135;120;186;0;0;0;3;0;Psy;;32;0;;Ultimapoing;0;Poing Feu;0;Poing Glace;0;Poing Éclair;0;Ultimawashi;0;Plaquage;0;Bélier;0;Damoclès;0;Rafale Psy;27;Ultralaser;0;Sacrifice;0;Riposte;0;Frappe Atlas;0;Tunnel;0;Choc Mental;1;Psyko;38;Frénésie;0;Ombre Nocturne;19;Patience;0;Météores;0;Dévorêve;0;Vague Psy;0;Triplattaque;0;;;;;
66;Machoc;70;80;50;35;35;88;0;1;0;0;0;Combat;;1;28;Machopeur;Poing Karaté;1;Ultimapoing;0;Poing Feu;0;Poing Glace;0;Poing Éclair;0;Ultimawashi;0;Mawashi Geri;0;Plaquage;0;Bélier;0;Damoclès;0;Lance-Flammes;0;Sacrifice;46;Balayage;20;Riposte;0;Frappe Atlas;39;Force;0;Séisme;0;Abîme;0;Tunnel;0;Frénésie;0;Patience;0;Déflagration;0;Éboulement;0;;;;;
67;Machopeur;80;100;70;50;45;146;0;2;0;0;0;Combat;;28;48;Mackogneur;Poing Karaté;1;Ultimapoing;0;Poing Feu;0;Poing Glace;0;Poing Éclair;0;Ultimawashi;0;Plaquage;0;Bélier;0;Damoclès;0;Lance-Flammes;0;Sacrifice;52;Balayage;1;Riposte;0;Frappe Atlas;44;Force;0;Séisme;0;Abîme;0;Tunnel;0;Frénésie;0;Patience;0;Déflagration;0;Éboulement;0;;;;;
68;Mackogneur;90;130;80;65;55;193;0;3;0;0;0;Combat;;48;0;;Poing Karaté;1;Ultimapoing;0;Poing Feu;0;Poing Glace;0;Poing Éclair;0;Ultimawashi;0;Plaquage;0;Bélier;0;Damoclès;0;Lance-Flammes;0;Ultralaser;0;Sacrifice;52;Balayage;1;Riposte;0;Frappe Atlas;44;Force;0;Séisme;0;Abîme;0;Tunnel;0;Frénésie;0;Patience;0;Déflagration;0;Éboulement;0;;;;;
69;Chétiflor;50;75;35;70;40;84;0;1;0;0;0;Plante;Poison;1;21;Boustiflor;Coupe;0;Étreinte;0;Souplesse;42;Fouet Lianes;1;Ligotage;13;Bélier;0;Damoclès;0;Acide;26;Méga-Sangsue;0;Lance-Soleil;0;Frénésie;0;Patience;0;Vampirisme;0;;;;;
70;Boustiflor;65;90;50;85;55;151;0;2;0;0;0;Plante;Poison;21;40;Empiflor;Coupe;0;Étreinte;0;Souplesse;49;Fouet Lianes;1;Ligotage;1;Bélier;0;Damoclès;0;Acide;29;Méga-Sangsue;0;Lance-Soleil;0;Frénésie;0;Patience;0;;;;;
71;Empiflor;80;105;65;100;70;191;0;3;0;0;0;Plante;Poison;40;0;;Coupe;0;Étreinte;0;Fouet Lianes;1;Plaquage;0;Ligotage;13;Bélier;0;Damoclès;0;Acide;1;Ultralaser;0;Méga-Sangsue;0;Lance-Soleil;0;Frénésie;0;Patience;0;Vampirisme;1;;;;;
72;Tentacool;40;40;35;100;70;105;0;0;0;1;0;Eau;Poison;1;30;Tentacruel;Coupe;0;Étreinte;0;Ligotage;13;Bélier;0;Damoclès;0;Dard-Venin;18;Acide;1;Pistolet à O;22;Hydrocanon;48;Surf;0;Laser Glace;0;Blizzard;0;Onde Boréale;0;Méga-Sangsue;0;Frénésie;0;Patience;0;Cascade;0;Constriction;27;Écume;0;;;;;
73;Tentacruel;80;70;65;120;100;205;0;0;0;2;0;Eau;Poison;30;0;;Coupe;0;Étreinte;0;Ligotage;1;Bélier;0;Damoclès;0;Dard-Venin;18;Acide;1;Pistolet à O;22;Hydrocanon;50;Surf;0;Laser Glace;0;Blizzard;0;Ultralaser;0;Méga-Sangsue;0;Frénésie;0;Patience;0;Cascade;0;Constriction;27;;;;;
74;Racaillou;40;80;100;30;20;86;0;0;1;0;0;Roche;Sol;1;25;Gravalanch;Ultimapoing;0;Poing Feu;0;Poing Éclair;0;Charge;1;Plaquage;0;Bélier;0;Damoclès;0;Lance-Flammes;0;Sacrifice;0;Riposte;0;Frappe Atlas;0;Force;0;Jet-Pierres;16;Séisme;31;Abîme;0;Tunnel;0;Frénésie;0;Patience;0;Destruction;21;Déflagration;0;Explosion;36;Éboulement;0;;;;;
75;Gravalanch;55;95;115;45;35;134;0;0;2;0;0;Roche;Sol;25;45;Grolem;Ultimapoing;0;Poing Feu;0;Poing Éclair;0;Charge;1;Plaquage;0;Bélier;0;Damoclès;0;Lance-Flammes;0;Sacrifice;0;Riposte;0;Frappe Atlas;0;Force;0;Jet-Pierres;16;Séisme;36;Abîme;0;Tunnel;0;Frénésie;0;Patience;0;Destruction;21;Déflagration;0;Explosion;43;Éboulement;0;;;;;
76;Grolem;80;110;130;55;45;177;0;0;3;0;0;Roche;Sol;45;0;;Ultimapoing;0;Poing Feu;0;Poing Éclair;0;Ultimawashi;0;Charge;1;Plaquage;0;Bélier;0;Damoclès;0;Lance-Flammes;0;Ultralaser;0;Sacrifice;0;Riposte;0;Frappe Atlas;0;Force;0;Jet-Pierres;16;Séisme;36;Abîme;0;Tunnel;0;Frénésie;0;Patience;0;Destruction;21;Déflagration;0;Explosion;43;Éboulement;0;;;;;
77;Ponyta;50;85;55;65;90;152;0;0;0;0;1;Feu;;1;40;Galopa;Écrasement;32;Double Pied;0;Charge;1;Plaquage;0;Bélier;43;Mania;0;Damoclès;0;Flammèche;1;Lance-Flammes;0;Balayage;0;Force;0;Lance-Soleil;0;Danse Flammes;39;Vive-Attaque;0;Frénésie;0;Patience;0;Déflagration;0;Météores;0;;;;;
78;Galopa;65;100;70;80;105;192;0;0;0;0;2;Feu;;40;0;;Jackpot;0;Écrasement;1;Double Pied;15;Furie;40;Charge;1;Plaquage;0;Bélier;47;Damoclès;0;Flammèche;1;Lance-Flammes;0;Ultralaser;0;Balayage;0;Force;0;Lance-Soleil;0;Danse Flammes;39;Vive-Attaque;1;Frénésie;0;Patience;0;Déflagration;0;Météores;0;;;;;
79;Ramoloss;90;65;65;40;15;99;1;0;0;0;0;Eau;Psy;1;37;Flagadoss;Jackpot;0;Écrasement;0;Charge;1;Plaquage;0;Bélier;0;Damoclès;0;Lance-Flammes;0;Pistolet à O;33;Hydrocanon;0;Surf;0;Laser Glace;0;Blizzard;0;Force;0;Séisme;0;Abîme;0;Tunnel;0;Choc Mental;1;Psyko;48;Frénésie;0;Patience;0;Déflagration;0;Météores;0;Dévorêve;0;Vague Psy;0;Triplattaque;0;;;;;
80;Flagadoss;95;75;110;80;30;164;0;0;2;0;0;Eau;Psy;37;0;;Ultimapoing;0;Jackpot;0;Poing Glace;0;Écrasement;1;Ultimawashi;0;Charge;1;Plaquage;0;Bélier;0;Damoclès;0;Lance-Flammes;0;Pistolet à O;33;Hydrocanon;0;Surf;0;Laser Glace;0;Blizzard;0;Ultralaser;0;Sacrifice;0;Riposte;0;Frappe Atlas;0;Force;0;Séisme;0;Abîme;0;Tunnel;0;Choc Mental;1;Psyko;55;Frénésie;0;Patience;0;Déflagration;0;Météores;0;Dévorêve;0;Vague Psy;0;Triplattaque;0;;;;;
81;Magnéti;25;35;70;95;45;89;0;0;0;1;0;Electrik;;1;30;Magnéton;Charge;1;Bélier;0;Damoclès;0;Sonic Boom;21;Éclair;25;Tonnerre;0;Fatal-Foudre;0;Frénésie;0;Patience;0;Météores;41;Explosion;0;;;;;
82;Magnéton;50;60;95;120;70;161;0;0;0;2;0;Electrik;;30;0;;Charge;1;Bélier;0;Damoclès;0;Sonic Boom;1;Ultralaser;0;Éclair;1;Tonnerre;0;Fatal-Foudre;0;Frénésie;0;Patience;0;Météores;46;Explosion;0;Triplattaque;35;;;;;
83;Canarticho;52;65;55;58;60;94;0;1;0;0;0;Normal;Vol;1;0;;Coupe-Vent;0;Coupe;0;Tornade;0;Vol;0;Furie;15;Plaquage;0;Bélier;0;Damoclès;0;Picpic;1;Vive-Attaque;0;Frénésie;0;Patience;0;Météores;0;Piqué;0;Tranche;39;;;;;
84;Doduo;35;85;45;35;75;96;0;1;0;0;0;Normal;Vol;1;31;Dodrio;Vol;0;Pied Sauté;40;Furie;24;Plaquage;0;Bélier;0;Mania;50;Damoclès;0;Picpic;1;Bec Vrille;30;Vive-Attaque;0;Frénésie;36;Patience;0;Météores;0;Piqué;0;Triplattaque;40;;;;;
85;Dodrio;60;110;70;60;100;158;0;2;0;0;0;Normal;Vol;31;0;;Vol;0;Pied Sauté;43;Furie;1;Plaquage;0;Bélier;0;Mania;60;Damoclès;0;Ultralaser;0;Picpic;1;Bec Vrille;30;Vive-Attaque;1;Frénésie;39;Patience;0;Météores;0;Piqué;0;Triplattaque;45;;;;;
86;Otaria;65;45;55;70;45;100;0;0;0;1;0;Eau;;1;34;Lamantine;Jackpot;0;Souplesse;0;Plaquage;0;Bélier;45;Damoclès;0;Pistolet à O;0;Surf;0;Laser Glace;50;Blizzard;0;Onde Boréale;35;Picpic;0;Force;0;Frénésie;0;Patience;0;Léchouille;0;Cascade;0;;;;;
87;Lamantine;90;70;80;95;70;176;0;0;0;2;0;Eau;Glace;34;0;;Jackpot;0;Plaquage;0;Bélier;50;Damoclès;0;Pistolet à O;0;Surf;0;Laser Glace;56;Blizzard;0;Onde Boréale;1;Ultralaser;0;Force;0;Frénésie;0;Patience;0;Cascade;0;;;;;
88;Tadmorv;80;80;50;40;25;90;1;0;0;0;0;Poison;;1;38;Grotadmorv;Poing Feu;0;Poing Glace;0;Poing Éclair;0;Plaquage;0;Lance-Flammes;0;Force;0;Méga-Sangsue;0;Tonnerre;0;Fatal-Foudre;0;Tunnel;0;Frénésie;0;Patience;0;Destruction;0;Léchouille;0;Détritus;37;Déflagration;0;Explosion;0;Éboulement;0;;;;;
89;Grotadmorv;105;105;75;65;50;157;1;1;0;0;0;Poison;;38;0;;Poing Feu;0;Poing Glace;0;Poing Éclair;0;Plaquage;0;Lance-Flammes;0;Ultralaser;0;Force;0;Méga-Sangsue;0;Tonnerre;0;Fatal-Foudre;0;Tunnel;0;Frénésie;0;Patience;0;Destruction;0;Détritus;37;Déflagration;0;Explosion;0;Éboulement;0;;;;;
90;Kokiyas;30;65;100;45;40;97;0;0;1;0;0;Eau;;1;21;Crustabri;Charge;1;Bélier;0;Damoclès;0;Double Dard;0;Pistolet à O;0;Hydrocanon;61;Surf;0;Laser Glace;50;Blizzard;0;Onde Boréale;30;Frénésie;0;Patience;0;Destruction;0;Claquoir;23;Météores;0;Explosion;0;Triplattaque;0;;;;;
91;Crustabri;50;95;180;85;70;203;0;0;2;0;0;Eau;Glace;21;0;;Charge;1;Bélier;0;Damoclès;0;Double Dard;1;Dard-Nuée;0;Pistolet à O;0;Hydrocanon;1;Surf;0;Laser Glace;0;Blizzard;0;Onde Boréale;1;Ultralaser;0;Frénésie;0;Patience;0;Destruction;0;Claquoir;1;Météores;0;Picanon;50;Explosion;0;Triplattaque;0;;;;;
92;Fantominus;30;35;30;100;80;95;0;0;0;1;0;Spectre;Poison;1;25;Spectrum;Poing Feu;0;Poing Glace;0;Poing Éclair;0;Méga-Sangsue;0;Tonnerre;0;Fatal-Foudre;0;Psyko;0;Frénésie;0;Ombre Nocturne;1;Patience;0;Destruction;0;Léchouille;1;Purédpois;0;Dévorêve;35;Vague Psy;0;Explosion;0;;;;;
93;Spectrum;45;50;45;115;95;126;0;0;0;2;0;Spectre;Poison;25;45;Ectoplasma;Poing Feu;0;Poing Glace;0;Poing Éclair;0;Méga-Sangsue;0;Tonnerre;0;Fatal-Foudre;0;Psyko;0;Frénésie;0;Ombre Nocturne;1;Patience;0;Destruction;0;Léchouille;1;Purédpois;1;Dévorêve;38;Vague Psy;0;Explosion;0;;;;;
94;Ectoplasma;60;65;60;130;110;190;0;0;0;3;0;Spectre;Poison;45;0;;Ultimapoing;0;Poing Feu;0;Poing Glace;0;Poing Éclair;0;Ultimawashi;0;Plaquage;0;Bélier;0;Damoclès;0;Ultralaser;0;Sacrifice;0;Riposte;0;Frappe Atlas;0;Force;0;Méga-Sangsue;0;Tonnerre;0;Fatal-Foudre;0;Psyko;0;Frénésie;0;Ombre Nocturne;1;Patience;0;Destruction;0;Léchouille;1;Purédpois;1;Dévorêve;38;Vague Psy;0;Explosion;0;;;;;
95;Onix;35;45;160;30;70;108;0;0;1;0;0;Roche;Sol;1;0;;Étreinte;15;Souplesse;33;Charge;1;Plaquage;0;Bélier;0;Damoclès;0;Force;0;Jet-Pierres;19;Séisme;0;Abîme;0;Tunnel;0;Frénésie;25;Patience;0;Destruction;0;Explosion;0;Éboulement;0;;;;;
96;Soporifik;60;48;45;90;42;102;0;0;0;1;0;Psy;;1;26;Hypnomade;Ultimapoing;0;Poing Feu;0;Poing Glace;0;Poing Éclair;0;Ultimawashi;0;Plaquage;0;Bélier;0;Damoclès;0;Rafale Psy;26;Sacrifice;0;Balayage;0;Riposte;0;Frappe Atlas;0;Choc Mental;17;Psyko;32;Frénésie;0;Patience;0;Dévorêve;0;Vague Psy;0;Triplattaque;0;;;;;
97;Hypnomade;85;73;70;115;67;165;0;0;0;2;0;Psy;;26;0;;Ultimapoing;0;Poing Feu;0;Poing Glace;0;Poing Éclair;0;Ultimawashi;0;Plaquage;0;Bélier;0;Damoclès;0;Rafale Psy;28;Ultralaser;0;Sacrifice;0;Balayage;0;Riposte;0;Frappe Atlas;0;Choc Mental;1;Psyko;37;Frénésie;0;Patience;0;Dévorêve;0;Vague Psy;0;Triplattaque;0;;;;;
98;Krabby;30;105;90;25;50;115;0;1;0;0;0;Eau;;1;28;Krabboss;Force Poigne;20;Guillotine;25;Coupe;0;Souplesse;0;Écrasement;30;Plaquage;0;Bélier;0;Damoclès;0;Pistolet à O;0;Surf;0;Laser Glace;0;Blizzard;0;Force;0;Tunnel;0;Frénésie;0;Patience;0;Écume;1;Pince-Masse;35;Éboulement;0;Tranche;0;;;;;
99;Krabboss;55;130;115;50;75;206;0;2;0;0;0;Eau;;28;0;;Force Poigne;1;Guillotine;25;Coupe;0;Souplesse;44;Écrasement;34;Plaquage;0;Bélier;0;Damoclès;0;Pistolet à O;0;Hydrocanon;0;Surf;0;Laser Glace;0;Blizzard;0;Ultralaser;0;Force;0;Tunnel;0;Frénésie;0;Patience;0;Écume;1;Pince-Masse;42;Éboulement;0;;;;;
100;Voltorbe;40;30;50;55;100;103;0;0;0;0;1;Electrik;;1;30;Électrode;Charge;1;Bélier;0;Sonic Boom;17;Éclair;9;Tonnerre;0;Fatal-Foudre;0;Frénésie;0;Patience;0;Destruction;22;Météores;36;Explosion;43;;;;;
101;Électrode;60;50;70;80;140;150;0;0;0;0;2;Electrik;;30;0;;Charge;1;Bélier;0;Sonic Boom;1;Ultralaser;0;Éclair;1;Tonnerre;0;Fatal-Foudre;0;Frénésie;0;Patience;0;Destruction;22;Météores;40;Explosion;50;;;;;
102;Noeunoeuf;60;40;80;60;40;98;0;0;1;0;0;Plante;Psy;1;21;Noadkoko;Bélier;0;Damoclès;0;Rafale Psy;27;Force;0;Vole-Vie;1;Méga-Sangsue;0;Lance-Soleil;42;Choc Mental;19;Psyko;0;Frénésie;0;Patience;0;Destruction;0;Dévorêve;0;Pilonnage;1;Vague Psy;0;Explosion;0;;;;;
103;Noadkoko;95;95;85;125;55;212;0;0;0;2;0;Plante;Psy;21;0;;Écrasement;28;Bélier;0;Damoclès;0;Ultralaser;0;Balayage;0;Force;0;Vole-Vie;1;Méga-Sangsue;0;Lance-Soleil;0;Choc Mental;1;Psyko;0;Frénésie;0;Patience;0;Destruction;0;Dévorêve;0;Pilonnage;1;Vague Psy;0;Explosion;0;;;;;
104;Osselait;50;50;95;40;35;87;0;0;1;0;0;Sol;;1;28;Ossatueur;Ultimapoing;0;Poing Feu;0;Poing Éclair;0;Double Pied;0;Ultimawashi;0;Plaquage;0;Bélier;0;Mania;38;Damoclès;0;Lance-Flammes;0;Pistolet à O;0;Laser Glace;0;Blizzard;0;Sacrifice;0;Balayage;0;Riposte;0;Frappe Atlas;0;Force;0;Séisme;0;Abîme;0;Tunnel;0;Frénésie;46;Patience;0;Déflagration;0;Météores;0;Osmerang;43;Éboulement;0;;;;;
105;Ossatueur;60;80;110;50;45;124;0;0;2;0;0;Sol;;28;0;;Ultimapoing;0;Poing Feu;0;Poing Éclair;0;Ultimawashi;0;Plaquage;0;Bélier;0;Mania;41;Damoclès;0;Lance-Flammes;0;Pistolet à O;0;Laser Glace;0;Blizzard;0;Ultralaser;0;Sacrifice;0;Balayage;0;Riposte;0;Frappe Atlas;0;Force;0;Séisme;0;Abîme;0;Tunnel;0;Frénésie;55;Patience;0;Déflagration;0;Météores;0;Osmerang;48;Éboulement;0;;;;;
106;Kicklee;50;120;53;35;87;139;0;2;0;0;0;Combat;;1;0;;Ultimapoing;0;Double Pied;1;Ultimawashi;53;Pied Sauté;38;Mawashi Geri;33;Charge;1;Plaquage;0;Bélier;0;Damoclès;0;Sacrifice;0;Balayage;0;Riposte;0;Frappe Atlas;0;Force;0;Séisme;0;Frénésie;0;Patience;0;Météores;0;Pied Voltige;48;Éboulement;0;;;;;
107;Tygnon;50;105;79;35;76;140;0;0;0;2;0;Combat;;1;0;;Poing Comète;1;Ultimapoing;48;Poing Feu;33;Poing Glace;38;Poing Éclair;43;Ultimawashi;0;Charge;1;Plaquage;0;Bélier;0;Damoclès;0;Sacrifice;0;Balayage;0;Riposte;53;Frappe Atlas;0;Force;0;Séisme;0;Frénésie;0;Patience;0;Météores;0;Uppercut;25;Éboulement;0;;;;;
108;Excelangue;90;55;75;60;30;127;2;0;0;0;0;Normal;;1;0;;Ultimapoing;0;Poing Feu;0;Poing Glace;0;Poing Éclair;0;Coupe;0;Étreinte;0;Souplesse;31;Écrasement;7;Ultimawashi;0;Plaquage;0;Ligotage;1;Bélier;0;Mania;0;Damoclès;0;Acide;10;Lance-Flammes;0;Pistolet à O;0;Hydrocanon;0;Surf;0;Laser Glace;0;Blizzard;0;Ultralaser;0;Sacrifice;0;Riposte;0;Frappe Atlas;0;Force;0;Lance-Soleil;0;Tonnerre;0;Fatal-Foudre;0;Séisme;0;Abîme;0;Tunnel;0;Frénésie;0;Patience;0;Léchouille;1;Déflagration;0;Dévorêve;0;Éboulement;0;;;;;
109;Smogo;40;65;95;60;35;114;0;0;1;0;0;Poison;;1;35;Smogogo;Charge;1;Lance-Flammes;0;Rafale Psy;0;Tonnerre;0;Fatal-Foudre;0;Frénésie;0;Patience;0;Destruction;40;Purédpois;1;Détritus;32;Déflagration;0;Vague Psy;0;Explosion;48;;;;;
110;Smogogo;65;90;120;85;60;173;0;0;2;0;0;Poison;;35;0;;Charge;1;Lance-Flammes;0;Rafale Psy;1;Ultralaser;0;Tonnerre;0;Fatal-Foudre;0;Frénésie;0;Patience;0;Destruction;43;Purédpois;1;Détritus;1;Déflagration;0;Explosion;53;;;;;
111;Rhinocorne;80;85;95;30;25;135;0;0;1;0;0;Sol;Roche;1;42;Rhinoféros;Écrasement;30;Furie;40;Charge;1;Plaquage;0;Bélier;55;Mania;0;Damoclès;0;Lance-Flammes;0;Laser Glace;0;Blizzard;0;Riposte;0;Force;0;Tonnerre;0;Fatal-Foudre;0;Jet-Pierres;19;Séisme;0;Abîme;0;Tunnel;0;Frénésie;0;Patience;0;Déflagration;0;Éboulement;0;;;;;
112;Rhinoféros;105;130;120;45;40;204;0;2;0;0;0;Sol;Roche;42;0;;Ultimapoing;0;Jackpot;0;Poing Feu;0;Poing Glace;0;Poing Éclair;0;Coupe;0;Écrasement;1;Ultimawashi;0;Furie;1;Charge;1;Plaquage;0;Bélier;64;Damoclès;0;Lance-Flammes;0;Pistolet à O;0;Hydrocanon;0;Surf;0;Laser Glace;0;Blizzard;0;Ultralaser;0;Sacrifice;0;Riposte;0;Frappe Atlas;0;Force;0;Tonnerre;0;Fatal-Foudre;0;Jet-Pierres;19;Séisme;0;Abîme;0;Tunnel;0;Frénésie;0;Patience;0;Déflagration;0;Éboulement;0;;;;;
113;Leveinard;250;5;5;105;50;255;2;0;0;0;0;Normal;;1;0;;Torgnoles;1;Ultimapoing;0;Poing Feu;0;Poing Glace;0;Poing Éclair;0;Ultimawashi;0;Plaquage;0;Bélier;0;Damoclès;54;Lance-Flammes;0;Pistolet à O;0;Laser Glace;0;Blizzard;0;Ultralaser;0;Sacrifice;0;Riposte;0;Frappe Atlas;0;Force;0;Lance-Soleil;0;Tonnerre;0;Fatal-Foudre;0;Séisme;0;Psyko;0;Frénésie;0;Patience;0;Déflagration;0;Dévorêve;0;Vague Psy;0;Éboulement;0;Triplattaque;0;;;;;
114;Saquedeneu;65;55;115;100;60;166;0;0;1;0;0;Plante;;1;0;;Coupe;0;Étreinte;1;Souplesse;45;Fouet Lianes;29;Plaquage;0;Bélier;0;Damoclès;0;Ultralaser;0;Vole-Vie;29;Méga-Sangsue;0;Lance-Soleil;0;Choc Mental;0;Frénésie;0;Patience;0;Constriction;1;;;;;
115;Kangourex;105;95;80;40;90;175;2;0;0;0;0;Normal;;1;0;;Poing Comète;1;Ultimapoing;36;Poing Feu;0;Poing Glace;0;Poing Éclair;0;Coupe;0;Écrasement;0;Ultimawashi;0;Plaquage;0;Bélier;0;Damoclès;0;Morsure;26;Lance-Flammes;0;Pistolet à O;0;Hydrocanon;0;Surf;0;Laser Glace;0;Blizzard;0;Ultralaser;0;Sacrifice;0;Balayage;0;Riposte;0;Frappe Atlas;0;Force;0;Lance-Soleil;0;Tonnerre;0;Fatal-Foudre;0;Séisme;0;Abîme;0;Tunnel;0;Frénésie;1;Patience;0;Déflagration;0;Uppercut;46;Éboulement;0;;;;;
116;Hypotrempe;30;40;70;70;60;83;0;0;0;1;0;Eau;;1;32;Hypocéan;Coupe-Vent;0;Bélier;0;Damoclès;0;Pistolet à O;30;Hydrocanon;45;Surf;0;Laser Glace;0;Blizzard;0;Onde Boréale;0;Draco-Rage;0;Frénésie;0;Patience;0;Cascade;0;Météores;0;Écume;1;;;;;
117;Hypocéan;55;65;95;95;85;155;0;0;1;1;0;Eau;;32;0;;Bélier;0;Damoclès;0;Pistolet à O;30;Hydrocanon;52;Surf;0;Laser Glace;0;Blizzard;0;Ultralaser;0;Frénésie;0;Patience;0;Cascade;0;Météores;0;Écume;1;;;;;
118;Poissirène;45;67;60;50;63;111;0;1;0;0;0;Eau;;1;33;Poissoroy;Furie;30;Plaquage;0;Bélier;0;Damoclès;0;Pistolet à O;0;Hydrocanon;0;Surf;0;Laser Glace;0;Blizzard;0;Rafale Psy;0;Picpic;1;Vive-Attaque;10;Frénésie;0;Patience;0;Cascade;37;Météores;0;;;;;
119;Poissoroy;80;92;65;80;68;170;0;2;0;0;0;Eau;;33;0;;Furie;30;Plaquage;0;Bélier;0;Damoclès;0;Pistolet à O;0;Hydrocanon;0;Surf;0;Laser Glace;0;Blizzard;0;Rafale Psy;1;Ultralaser;0;Picpic;1;Vive-Attaque;1;Frénésie;0;Patience;0;Cascade;39;Météores;0;;;;;
120;Stari;30;45;55;70;85;106;0;0;0;0;1;Eau;;1;21;Staross;Charge;1;Bélier;0;Damoclès;0;Pistolet à O;17;Hydrocanon;47;Surf;0;Laser Glace;0;Blizzard;0;Rafale Psy;24;Onde Boréale;0;Tonnerre;0;Fatal-Foudre;0;Psyko;0;Frénésie;0;Patience;0;Cascade;0;Météores;32;Vague Psy;0;Triplattaque;0;;;;;
121;Staross;60;75;85;100;115;207;0;0;0;0;2;Eau;Psy;21;0;;Charge;1;Bélier;0;Damoclès;0;Pistolet à O;1;Hydrocanon;1;Surf;0;Laser Glace;0;Blizzard;0;Rafale Psy;1;Ultralaser;0;Tonnerre;0;Fatal-Foudre;0;Psyko;0;Frénésie;0;Patience;0;Cascade;0;Météores;0;Dévorêve;0;Vague Psy;0;Triplattaque;0;;;;;
122;M. Mime;40;45;65;100;90;136;0;0;0;2;0;Psy;;1;0;;Torgnoles;31;Ultimapoing;0;Poing Feu;0;Poing Glace;0;Poing Éclair;0;Ultimawashi;0;Plaquage;0;Bélier;0;Damoclès;0;Rafale Psy;36;Ultralaser;0;Sacrifice;0;Riposte;0;Frappe Atlas;0;Lance-Soleil;0;Tonnerre;0;Fatal-Foudre;0;Choc Mental;1;Psyko;0;Frénésie;0;Patience;0;Dévorêve;0;Vague Psy;0;;;;;
123;Insécateur;70;110;80;55;105;187;0;1;0;0;0;Insecte;Vol;1;0;;Coupe-Vent;0;Coupe;0;Cru-Ailes;50;Bélier;0;Damoclès;0;Ultralaser;0;Riposte;0;Vive-Attaque;1;Frénésie;0;Patience;0;Météores;0;Tranche;29;;;;;
124;Lippoutou;65;50;35;95;95;137;0;0;0;2;0;Glace;Psy;1;0;;Torgnoles;23;Ultimapoing;0;Poing Glace;31;Ultimawashi;0;Plaquage;39;Bélier;0;Mania;47;Damoclès;0;Pistolet à O;0;Laser Glace;0;Blizzard;58;Ultralaser;0;Sacrifice;0;Riposte;0;Frappe Atlas;0;Choc Mental;12;Psyko;0;Frénésie;0;Patience;0;Léchouille;18;Dévorêve;0;Vague Psy;0;;;;;
125;Élektek;65;83;57;85;105;156;0;0;0;0;2;Electrik;;1;0;;Ultimapoing;0;Poing Feu;0;Poing Glace;0;Poing Éclair;42;Ultimawashi;0;Plaquage;0;Bélier;0;Damoclès;0;Ultralaser;0;Sacrifice;0;Balayage;10;Riposte;0;Frappe Atlas;0;Force;0;Éclair;34;Tonnerre;0;Fatal-Foudre;54;Psyko;0;Vive-Attaque;1;Frénésie;0;Patience;0;Météores;0;Vague Psy;0;;;;;
126;Magmar;65;95;57;85;93;167;0;0;0;2;0;Feu;;1;0;;Ultimapoing;0;Poing Feu;43;Poing Éclair;0;Ultimawashi;0;Plaquage;0;Bélier;0;Damoclès;0;Flammèche;1;Lance-Flammes;55;Ultralaser;0;Sacrifice;0;Balayage;0;Riposte;0;Frappe Atlas;0;Force;0;Danse Flammes;19;Psyko;0;Frénésie;0;Patience;0;Purédpois;52;Déflagration;0;Vague Psy;0;;;;;
127;Scarabrute;65;125;100;55;85;200;0;2;0;0;0;Insecte;;1;0;;Force Poigne;1;Guillotine;30;Coupe;0;Étreinte;21;Furie;0;Plaquage;0;Bélier;0;Mania;35;Damoclès;0;Ultralaser;0;Sacrifice;0;Frappe Atlas;25;Force;0;Séisme;0;Tunnel;0;Vive-Attaque;0;Frénésie;0;Patience;0;Éboulement;0;Tranche;49;;;;;
128;Tauros;75;100;95;70;110;211;0;1;0;0;1;Normal;;1;0;;Écrasement;21;Charge;1;Plaquage;0;Bélier;51;Mania;43;Damoclès;0;Lance-Flammes;0;Surf;0;Laser Glace;0;Blizzard;0;Ultralaser;0;Force;0;Lance-Soleil;0;Tonnerre;0;Fatal-Foudre;0;Séisme;0;Abîme;0;Frénésie;44;Patience;0;Déflagration;0;Éboulement;0;;;;;
129;Magicarpe;20;10;55;20;80;20;0;0;0;0;1;Eau;;1;20;Léviator;Charge;0;Hydrocanon;0;;;;;
130;Léviator;95;125;79;100;81;214;0;2;0;0;0;Eau;Vol;20;0;;Étreinte;1;Charge;1;Plaquage;0;Bélier;0;Mania;1;Damoclès;0;Morsure;1;Lance-Flammes;0;Pistolet à O;0;Hydrocanon;1;Surf;0;Laser Glace;0;Blizzard;0;Ultralaser;52;Force;0;Draco-Rage;1;Tonnerre;0;Fatal-Foudre;0;Séisme;0;Frénésie;0;Patience;0;Déflagration;0;Cascade;0;;;;;
131;Lokhlass;130;85;80;95;60;219;2;0;0;0;0;Eau;;1;0;;Plaquage;25;Bélier;0;Damoclès;0;Pistolet à O;1;Hydrocanon;46;Surf;0;Laser Glace;38;Blizzard;0;Onde Boréale;0;Ultralaser;0;Force;0;Lance-Soleil;0;Draco-Rage;0;Tonnerre;0;Fatal-Foudre;0;Abîme;0;Psyko;0;Frénésie;0;Patience;0;Cascade;0;Dévorêve;0;Vague Psy;0;;;;;
132;Métamorph;48;48;48;48;48;61;1;0;0;0;0;Eau;Glace;1;0;;Lutte;0;Charge;0;;;;;
133;Évoli;55;55;50;65;55;92;0;0;0;1;0;Normal;;1;21;Aquali;Jackpot;0;Double Pied;10;Charge;1;Plaquage;0;Bélier;45;Damoclès;0;Morsure;37;Tunnel;0;Vive-Attaque;27;Frénésie;0;Patience;0;Météores;0;;;;;
134;Aquali;130;65;60;110;65;196;2;0;0;0;0;Eau;;21;21;Voltali;Jackpot;0;Double Pied;10;Charge;1;Plaquage;0;Bélier;0;Damoclès;0;Morsure;40;Pistolet à O;1;Hydrocanon;54;Surf;0;Laser Glace;0;Blizzard;0;Onde Boréale;36;Ultralaser;0;Force;0;Tunnel;0;Vive-Attaque;1;Frénésie;0;Patience;0;Cascade;0;Météores;0;;;;;
135;Voltali;65;65;60;110;130;197;0;0;0;0;2;Electrik;;21;21;Pyroli;Jackpot;0;Double Pied;42;Charge;1;Plaquage;0;Bélier;0;Damoclès;0;Dard-Nuée;48;Morsure;1;Ultralaser;0;Force;0;Éclair;1;Tonnerre;0;Fatal-Foudre;54;Tunnel;0;Vive-Attaque;1;Frénésie;0;Patience;0;Météores;0;;;;;
136;Pyroli;65;130;60;110;65;198;0;2;0;0;0;Feu;;21;0;;Jackpot;0;Double Pied;10;Charge;1;Plaquage;0;Bélier;0;Damoclès;0;Morsure;40;Flammèche;1;Lance-Flammes;54;Ultralaser;0;Force;0;Danse Flammes;44;Tunnel;0;Vive-Attaque;1;Frénésie;48;Patience;0;Purédpois;42;Déflagration;0;Météores;0;;;;;
137;Porygon;65;60;70;75;40;130;0;0;0;1;0;Normal;;1;0;;Charge;1;Bélier;0;Damoclès;0;Laser Glace;0;Blizzard;0;Rafale Psy;23;Ultralaser;0;Lance-Soleil;0;Éclair;15;Tonnerre;0;Fatal-Foudre;0;Psyko;0;Frénésie;0;Patience;0;Météores;0;Dévorêve;0;Vague Psy;0;Triplattaque;42;;;;;
138;Amonita;35;40;100;90;35;120;0;0;1;0;0;Roche;Eau;1;42;Amonistar;Étreinte;0;Souplesse;0;Plaquage;0;Bélier;0;Damoclès;0;Morsure;13;Pistolet à O;1;Hydrocanon;53;Surf;0;Laser Glace;0;Blizzard;0;Onde Boréale;0;Jet-Pierres;26;Frénésie;0;Patience;0;Cascade;0;Picanon;46;Constriction;1;Éboulement;0;;;;;
139;Amonistar;70;60;125;115;55;199;0;0;2;0;0;Roche;Eau;42;0;;Étreinte;0;Plaquage;0;Bélier;0;Damoclès;0;Dard-Nuée;0;Morsure;1;Pistolet à O;1;Hydrocanon;49;Surf;0;Laser Glace;0;Blizzard;0;Ultralaser;0;Sacrifice;0;Frappe Atlas;0;Jet-Pierres;26;Frénésie;0;Patience;0;Cascade;0;Picanon;44;Constriction;1;Éboulement;0;;;;;
140;Kabuto;30;80;90;45;55;119;0;0;1;0;0;Roche;Eau;1;40;Kabutops;Griffe;1;Plaquage;0;Bélier;0;Damoclès;0;Pistolet à O;0;Hydrocanon;49;Surf;0;Laser Glace;0;Blizzard;0;Onde Boréale;0;Vole-Vie;34;Méga-Sangsue;46;Jet-Pierres;30;Tunnel;0;Frénésie;0;Patience;0;Cascade;0;Vampirisme;48;Éboulement;0;Tranche;39;;;;;
141;Kabutops;60;115;105;70;80;201;0;2;0;0;0;Roche;Eau;40;0;;Griffe;1;Coupe-Vent;0;Coupe;0;Ultimawashi;0;Plaquage;0;Bélier;0;Damoclès;0;Pistolet à O;0;Hydrocanon;53;Surf;0;Laser Glace;0;Blizzard;0;Ultralaser;0;Sacrifice;0;Balayage;0;Frappe Atlas;0;Vole-Vie;1;Méga-Sangsue;51;Jet-Pierres;30;Tunnel;0;Frénésie;0;Patience;0;Cascade;0;Vampirisme;54;Éboulement;0;Tranche;39;;;;;
142;Ptéra;80;105;65;60;130;202;0;0;0;0;2;Roche;Vol;1;0;;Coupe-Vent;0;Cru-Ailes;1;Vol;0;Bélier;45;Damoclès;0;Morsure;38;Lance-Flammes;0;Ultralaser;54;Force;0;Draco-Rage;0;Jet-Pierres;21;Séisme;0;Frénésie;0;Patience;0;Déflagration;0;Météores;0;Piqué;0;Éboulement;0;;;;;
143;Ronflex;160;110;65;65;30;154;2;0;0;0;0;Normal;;1;0;;Ultimapoing;0;Jackpot;0;Poing Feu;0;Poing Glace;0;Poing Éclair;0;Ultimawashi;0;Charge;1;Plaquage;35;Bélier;0;Damoclès;48;Morsure;16;Lance-Flammes;0;Pistolet à O;0;Hydrocanon;0;Surf;0;Laser Glace;0;Blizzard;0;Ultralaser;56;Sacrifice;0;Riposte;0;Frappe Atlas;0;Force;0;Lance-Soleil;0;Tonnerre;0;Fatal-Foudre;0;Séisme;0;Abîme;0;Psyko;0;Frénésie;0;Patience;0;Destruction;0;Léchouille;0;Déflagration;0;Vague Psy;0;Éboulement;0;;;;;
144;Artikodin;90;85;100;125;85;215;0;0;0;3;0;Glace;Vol;1;0;;Coupe-Vent;0;Tornade;1;Vol;0;Bélier;0;Damoclès;0;Pistolet à O;0;Laser Glace;1;Blizzard;51;Ultralaser;0;Picpic;1;Frénésie;0;Patience;0;Météores;0;Piqué;0;;;;;
145;Électhor;90;90;85;125;100;216;0;0;0;3;0;Electrik;Vol;1;0;;Coupe-Vent;0;Vol;0;Bélier;0;Damoclès;0;Ultralaser;0;Picpic;1;Bec Vrille;1;Éclair;1;Tonnerre;0;Fatal-Foudre;51;Frénésie;0;Patience;0;Météores;0;Piqué;0;;;;;
146;Sulfura;90;100;90;125;90;217;0;0;0;3;0;Feu;Vol;1;0;;Coupe-Vent;0;Tornade;1;Cru-Ailes;1;Vol;0;Bélier;0;Damoclès;0;Flammèche;1;Lance-Flammes;49;Ultralaser;0;Picpic;1;Lance-Soleil;71;Danse Flammes;1;Frénésie;0;Patience;0;Déflagration;0;Météores;0;Piqué;60;;;;;
147;Minidraco;41;64;45;50;50;67;0;1;0;0;0;Dragon;;1;30;Draco;Étreinte;0;Souplesse;30;Plaquage;0;Ligotage;1;Bélier;0;Damoclès;0;Lance-Flammes;0;Pistolet à O;0;Hydrocanon;0;Surf;0;Laser Glace;0;Blizzard;0;Ultralaser;50;Draco-Rage;40;Danse Flammes;0;Tonnerre;0;Fatal-Foudre;0;Frénésie;0;Patience;0;Déflagration;0;Cascade;0;Météores;0;;;;;
148;Draco;61;84;65;70;70;144;0;2;0;0;0;Dragon;;30;55;Dracolosse;Étreinte;0;Souplesse;35;Plaquage;0;Ligotage;1;Bélier;0;Damoclès;0;Lance-Flammes;0;Pistolet à O;0;Hydrocanon;0;Surf;0;Laser Glace;0;Blizzard;0;Ultralaser;55;Draco-Rage;45;Danse Flammes;0;Tonnerre;0;Fatal-Foudre;0;Frénésie;0;Patience;0;Déflagration;0;Cascade;0;Météores;0;;;;;
149;Dracolosse;91;134;95;100;80;218;0;3;0;0;0;Dragon;Vol;55;0;;Ultimapoing;0;Poing Feu;0;Poing Glace;0;Poing Éclair;0;Coupe-Vent;0;Coupe;0;Cru-Ailes;55;Vol;0;Étreinte;0;Souplesse;35;Ultimawashi;0;Plaquage;0;Ligotage;1;Bélier;0;Damoclès;0;Lance-Flammes;0;Pistolet à O;0;Hydrocanon;0;Surf;0;Laser Glace;0;Blizzard;0;Ultralaser;60;Force;0;Draco-Rage;45;Danse Flammes;0;Tonnerre;0;Fatal-Foudre;0;Séisme;0;Frénésie;0;Patience;0;Déflagration;0;Cascade;0;Météores;0;Éboulement;0;;;;;
150;Mewtwo;106;110;90;154;130;220;0;0;0;3;0;Psy;;1;0;;Ultimapoing;0;Jackpot;0;Poing Feu;0;Poing Glace;0;Poing Éclair;0;Ultimawashi;0;Plaquage;0;Bélier;0;Damoclès;0;Lance-Flammes;0;Pistolet à O;0;Laser Glace;0;Blizzard;0;Rafale Psy;22;Ultralaser;0;Sacrifice;0;Balayage;0;Riposte;0;Frappe Atlas;0;Force;0;Lance-Soleil;0;Tonnerre;0;Fatal-Foudre;0;Séisme;0;Choc Mental;1;Psyko;1;Frénésie;0;Patience;0;Destruction;0;Déflagration;0;Météores;1;Dévorêve;0;Vague Psy;0;Éboulement;0;Triplattaque;0;;;;;
151;Mew;100;100;100;100;100;64;3;0;0;0;0;Psy;;1;0;;Ultimapoing;20;Jackpot;0;Poing Feu;0;Poing Glace;0;Poing Éclair;0;Coupe-Vent;0;Coupe;0;Vol;0;Étreinte;0;Ultimawashi;0;Plaquage;0;Bélier;0;Damoclès;0;Dard-Nuée;0;Lance-Flammes;0;Pistolet à O;0;Hydrocanon;0;Surf;0;Laser Glace;0;Blizzard;0;Ultralaser;0;Sacrifice;0;Balayage;0;Riposte;0;Frappe Atlas;0;Force;0;Méga-Sangsue;0;Lance-Soleil;0;Draco-Rage;0;Danse Flammes;0;Tonnerre;0;Fatal-Foudre;0;Séisme;0;Abîme;0;Tunnel;0;Choc Mental;1;Psyko;40;Frénésie;0;Ombre Nocturne;0;Patience;0;Destruction;0;Déflagration;0;Cascade;0;Météores;0;Dévorêve;0;Vampirisme;0;Piqué;0;Vague Psy;0;Explosion;0;Éboulement;0;Triplattaque;0;Croc Fatal;0;;;;;
